source,target
/coaching-for-executives/,/coaching.html
/coaching-for-everyone/,/coaching.html
/terms-and-conditions/,/privacy-policy.html
/blog/2022/11/jack-kellogg/,/episodes/ep-039-the-wall-street-coach-podcast-interview-with-jack-kellogg.html
/twsc-podcast/,/podcast.html
/privacy-policy/,/privacy-policy.html
/coaching-for-everyone/contact-coaching-for-everyone/,/coaching.html
/about-kim-ann-curtin/,/about.html
/trader-coaching/,/coaching.html
/executive-coaching/,/coaching.html
/testimonies/,/results
/contact-form/,/index.html
